date,latitude,longitude,pm10,pm25
2023-05-01T00:00:00.000Z,41.5549,-8.4067,3.72,1.79
2023-05-01T01:00:00.000Z,41.5549,-8.4067,4.3,2.04
2023-05-01T02:00:00.000Z,41.5549,-8.4067,5.21,2.58
2023-05-01T03:00:00.000Z,41.5549,-8.4067,4.84,2.57
2023-05-01T04:00:00.000Z,41.5549,-8.4067,4.53,2.38
2023-05-01T05:00:00.000Z,41.5549,-8.4067,5.09,2.35
2023-05-01T06:00:00.000Z,41.5549,-8.4067,5.04,2.52
2023-05-01T07:00:00.000Z,41.5549,-8.4067,4.63,2.65
2023-05-01T08:00:00.000Z,41.5549,-8.4067,3.92,2.29
2023-05-01T09:00:00.000Z,41.5549,-8.4067,3.95,2.1
2023-05-01T10:00:00.000Z,41.5549,-8.4067,3.38,1.75
2023-05-01T11:00:00.000Z,41.5549,-8.4067,3.08,1.65
2023-05-01T12:00:00.000Z,41.5549,-8.4067,3.12,1.8
2023-05-01T13:00:00.000Z,41.5549,-8.4067,3.53,2.0
2023-05-01T14:00:00.000Z,41.5549,-8.4067,3.92,2.0
2023-05-01T15:00:00.000Z,41.5549,-8.4067,3.59,1.41
2023-05-01T16:00:00.000Z,41.5549,-8.4067,3.08,1.12
2023-05-01T17:00:00.000Z,41.5549,-8.4067,2.7,1.3
2023-05-01T18:00:00.000Z,41.5549,-8.4067,3.08,1.35
2023-05-01T19:00:00.000Z,41.5549,-8.4067,5.28,2.2
2023-05-01T20:00:00.000Z,41.5549,-8.4067,4.53,2.1
2023-05-01T21:00:00.000Z,41.5549,-8.4067,4.65,2.29
2023-05-01T22:00:00.000Z,41.5549,-8.4067,4.17,2.24
2023-05-01T23:00:00.000Z,41.5549,-8.4067,6.03,2.85
2023-05-02T00:00:00.000Z,41.5549,-8.4067,6.82,3.47
2023-05-02T01:00:00.000Z,41.5549,-8.4067,9.74,5.45
2023-05-02T02:00:00.000Z,41.5549,-8.4067,8.93,4.7
2023-05-02T03:00:00.000Z,41.5549,-8.4067,9.0,5.0
2023-05-02T04:00:00.000Z,41.5549,-8.4067,7.45,4.4
2023-05-02T05:00:00.000Z,41.5549,-8.4067,5.95,3.7
2023-05-02T06:00:00.000Z,41.5549,-8.4067,7.82,3.85
2023-05-02T07:00:00.000Z,41.5549,-8.4067,12.64,6.72
2023-05-02T08:00:00.000Z,41.5549,-8.4067,10.68,4.68
2023-05-02T09:00:00.000Z,41.5549,-8.4067,10.49,4.46
2023-05-02T10:00:00.000Z,41.5549,-8.4067,6.84,2.94
2023-05-02T11:00:00.000Z,41.5549,-8.4067,7.68,2.72
2023-05-02T12:00:00.000Z,41.5549,-8.4067,3.64,1.46
2023-05-02T13:00:00.000Z,41.5549,-8.4067,3.63,1.17
2023-05-02T14:00:00.000Z,41.5549,-8.4067,4.68,1.23
2023-05-02T15:00:00.000Z,41.5549,-8.4067,6.72,2.6
2023-05-02T16:00:00.000Z,41.5549,-8.4067,5.61,2.0
2023-05-02T17:00:00.000Z,41.5549,-8.4067,4.55,1.8
2023-05-02T18:00:00.000Z,41.5549,-8.4067,4.15,1.83
2023-05-02T19:00:00.000Z,41.5549,-8.4067,5.15,1.98
2023-05-02T20:00:00.000Z,41.5549,-8.4067,5.55,2.31
2023-05-02T21:00:00.000Z,41.5549,-8.4067,4.97,2.54
2023-05-02T22:00:00.000Z,41.5549,-8.4067,5.12,2.27
2023-05-02T23:00:00.000Z,41.5549,-8.4067,9.43,5.43
2023-05-03T00:00:00.000Z,41.5549,-8.4067,7.85,4.34
2023-05-03T01:00:00.000Z,41.5549,-8.4067,7.9,4.32
2023-05-03T02:00:00.000Z,41.5549,-8.4067,11.43,5.95
2023-05-03T03:00:00.000Z,41.5549,-8.4067,9.66,5.61
2023-05-03T04:00:00.000Z,41.5549,-8.4067,9.85,5.7
2023-05-03T05:00:00.000Z,41.5549,-8.4067,8.39,4.88
2023-05-03T06:00:00.000Z,41.5549,-8.4067,8.05,4.75
2023-05-03T07:00:00.000Z,41.5549,-8.4067,7.84,2.96
2023-05-03T08:00:00.000Z,41.5549,-8.4067,8.52,3.21
2023-05-03T09:00:00.000Z,41.5549,-8.4067,15.38,4.03
2023-05-03T10:00:00.000Z,41.5549,-8.4067,9.5,2.85
2023-05-03T11:00:00.000Z,41.5549,-8.4067,6.38,1.84
2023-05-03T12:00:00.000Z,41.5549,-8.4067,6.47,1.6
2023-05-03T13:00:00.000Z,41.5549,-8.4067,8.41,2.09
2023-05-03T14:00:00.000Z,41.5549,-8.4067,7.15,1.67
2023-05-03T16:00:00.000Z,41.5549,-8.4067,8.05,1.38
2023-05-03T17:00:00.000Z,41.5549,-8.4067,4.15,1.05
2023-05-03T18:00:00.000Z,41.5549,-8.4067,4.57,1.48
2023-05-03T19:00:00.000Z,41.5549,-8.4067,4.3,1.3
2023-05-03T20:00:00.000Z,41.5549,-8.4067,4.15,1.27
2023-05-03T21:00:00.000Z,41.5549,-8.4067,5.86,1.38
2023-05-03T22:00:00.000Z,41.5549,-8.4067,6.98,1.34
2023-05-03T23:00:00.000Z,41.5549,-8.4067,6.72,1.17
2023-05-04T00:00:00.000Z,41.5549,-8.4067,7.68,1.3
2023-05-04T01:00:00.000Z,41.5549,-8.4067,9.1,1.54
2023-05-04T02:00:00.000Z,41.5549,-8.4067,8.18,1.4
2023-05-04T03:00:00.000Z,41.5549,-8.4067,9.5,1.6
2023-05-04T04:00:00.000Z,41.5549,-8.4067,10.25,2.04
2023-05-04T05:00:00.000Z,41.5549,-8.4067,9.85,1.83
2023-05-04T06:00:00.000Z,41.5549,-8.4067,7.25,1.55
2023-05-04T07:00:00.000Z,41.5549,-8.4067,9.18,2.17
2023-05-04T08:00:00.000Z,41.5549,-8.4067,13.49,4.08
2023-05-04T09:00:00.000Z,41.5549,-8.4067,12.27,3.28
2023-05-04T10:00:00.000Z,41.5549,-8.4067,18.72,2.63
2023-05-04T11:00:00.000Z,41.5549,-8.4067,24.5,3.9
2023-05-04T12:00:00.000Z,41.5549,-8.4067,14.83,2.38
2023-05-04T13:00:00.000Z,41.5549,-8.4067,10.27,1.67
2023-05-04T14:00:00.000Z,41.5549,-8.4067,10.52,2.27
2023-05-04T15:00:00.000Z,41.5549,-8.4067,9.82,1.74
2023-05-04T16:00:00.000Z,41.5549,-8.4067,13.15,2.17
2023-05-04T17:00:00.000Z,41.5549,-8.4067,11.95,2.22
2023-05-04T18:00:00.000Z,41.5549,-8.4067,10.56,2.02
2023-05-04T19:00:00.000Z,41.5549,-8.4067,12.35,2.45
2023-05-04T20:00:00.000Z,41.5549,-8.4067,16.07,3.53
2023-05-04T21:00:00.000Z,41.5549,-8.4067,17.92,3.55
2023-05-04T22:00:00.000Z,41.5549,-8.4067,18.57,3.55
2023-05-04T23:00:00.000Z,41.5549,-8.4067,18.14,3.63
2023-05-05T00:00:00.000Z,41.5549,-8.4067,17.61,3.26
2023-05-05T01:00:00.000Z,41.5549,-8.4067,18.42,3.22
2023-05-05T02:00:00.000Z,41.5549,-8.4067,16.69,3.33
2023-05-05T03:00:00.000Z,41.5549,-8.4067,15.33,2.91
2023-05-05T04:00:00.000Z,41.5549,-8.4067,15.27,2.88
2023-05-05T05:00:00.000Z,41.5549,-8.4067,14.99,3.71
2023-05-05T06:00:00.000Z,41.5549,-8.4067,14.03,3.4
2023-05-05T07:00:00.000Z,41.5549,-8.4067,14.1,3.08
2023-05-05T08:00:00.000Z,41.5549,-8.4067,13.27,2.92
2023-05-05T09:00:00.000Z,41.5549,-8.4067,14.22,3.3
2023-05-05T10:00:00.000Z,41.5549,-8.4067,13.99,3.28
2023-05-05T11:00:00.000Z,41.5549,-8.4067,13.07,2.9
2023-05-05T12:00:00.000Z,41.5549,-8.4067,15.14,3.29
2023-05-05T13:00:00.000Z,41.5549,-8.4067,15.48,3.3
2023-05-05T14:00:00.000Z,41.5549,-8.4067,16.84,3.69
2023-05-05T15:00:00.000Z,41.5549,-8.4067,11.68,3.1
2023-05-05T16:00:00.000Z,41.5549,-8.4067,10.41,2.73
2023-05-05T17:00:00.000Z,41.5549,-8.4067,10.6,2.38
2023-05-05T18:00:00.000Z,41.5549,-8.4067,12.45,2.82
2023-05-05T19:00:00.000Z,41.5549,-8.4067,21.33,5.2
2023-05-05T20:00:00.000Z,41.5549,-8.4067,19.3,4.59
2023-05-05T21:00:00.000Z,41.5549,-8.4067,18.42,4.15
2023-05-05T22:00:00.000Z,41.5549,-8.4067,18.48,4.59
2023-05-05T23:00:00.000Z,41.5549,-8.4067,17.7,3.97
2023-05-06T00:00:00.000Z,41.5549,-8.4067,15.25,3.65
2023-05-06T01:00:00.000Z,41.5549,-8.4067,17.14,3.85
2023-05-06T02:00:00.000Z,41.5549,-8.4067,15.68,3.8
2023-05-06T03:00:00.000Z,41.5549,-8.4067,15.14,4.0
2023-05-06T04:00:00.000Z,41.5549,-8.4067,15.22,3.37
2023-05-06T05:00:00.000Z,41.5549,-8.4067,12.45,2.85
2023-05-06T06:00:00.000Z,41.5549,-8.4067,7.94,2.13
2023-05-06T07:00:00.000Z,41.5549,-8.4067,9.57,2.29
2023-05-06T08:00:00.000Z,41.5549,-8.4067,9.0,2.33
2023-05-06T09:00:00.000Z,41.5549,-8.4067,9.74,3.54
2023-05-06T10:00:00.000Z,41.5549,-8.4067,11.15,5.0
2023-05-06T11:00:00.000Z,41.5549,-8.4067,5.99,2.15
2023-05-06T12:00:00.000Z,41.5549,-8.4067,8.0,2.63
2023-05-06T13:00:00.000Z,41.5549,-8.4067,13.18,4.5
2023-05-06T14:00:00.000Z,41.5549,-8.4067,11.15,3.28
2023-05-06T15:00:00.000Z,41.5549,-8.4067,14.3,3.21
2023-05-06T16:00:00.000Z,41.5549,-8.4067,12.48,3.03
2023-05-06T17:00:00.000Z,41.5549,-8.4067,15.23,3.67
2023-05-06T18:00:00.000Z,41.5549,-8.4067,19.3,4.25
2023-05-06T19:00:00.000Z,41.5549,-8.4067,18.88,4.82
2023-05-06T20:00:00.000Z,41.5549,-8.4067,20.32,6.32
2023-05-06T21:00:00.000Z,41.5549,-8.4067,22.08,5.72
2023-05-06T22:00:00.000Z,41.5549,-8.4067,20.95,5.25
2023-05-06T23:00:00.000Z,41.5549,-8.4067,19.39,5.17
2023-05-07T00:00:00.000Z,41.5549,-8.4067,19.27,5.3
2023-05-07T01:00:00.000Z,41.5549,-8.4067,20.58,5.8
2023-05-07T02:00:00.000Z,41.5549,-8.4067,17.45,4.7
2023-05-07T03:00:00.000Z,41.5549,-8.4067,15.93,5.0
2023-05-07T04:00:00.000Z,41.5549,-8.4067,14.9,4.47
2023-05-07T05:00:00.000Z,41.5549,-8.4067,16.8,5.15
2023-05-07T06:00:00.000Z,41.5549,-8.4067,19.34,6.9
2023-05-07T07:00:00.000Z,41.5549,-8.4067,19.61,7.7
2023-05-07T08:00:00.000Z,41.5549,-8.4067,13.31,4.72
2023-05-07T09:00:00.000Z,41.5549,-8.4067,11.93,3.58
2023-05-07T10:00:00.000Z,41.5549,-8.4067,13.73,3.91
2023-05-07T11:00:00.000Z,41.5549,-8.4067,9.39,2.54
2023-05-07T12:00:00.000Z,41.5549,-8.4067,8.78,2.38
2023-05-07T13:00:00.000Z,41.5549,-8.4067,7.02,2.02
2023-05-07T14:00:00.000Z,41.5549,-8.4067,7.54,1.88
2023-05-07T15:00:00.000Z,41.5549,-8.4067,8.77,2.0
2023-05-07T16:00:00.000Z,41.5549,-8.4067,6.64,1.62
2023-05-07T17:00:00.000Z,41.5549,-8.4067,7.03,1.58
2023-05-07T18:00:00.000Z,41.5549,-8.4067,6.75,1.52
2023-05-07T19:00:00.000Z,41.5549,-8.4067,5.65,1.4
2023-05-07T20:00:00.000Z,41.5549,-8.4067,5.31,1.32
2023-05-07T21:00:00.000Z,41.5549,-8.4067,7.13,1.45
2023-05-07T23:00:00.000Z,41.5549,-8.4067,8.02,2.24
2023-05-08T00:00:00.000Z,41.5549,-8.4067,5.45,1.58
2023-05-08T01:00:00.000Z,41.5549,-8.4067,5.85,1.55
2023-05-08T02:00:00.000Z,41.5549,-8.4067,7.58,2.13
2023-05-08T03:00:00.000Z,41.5549,-8.4067,6.47,2.29
2023-05-08T04:00:00.000Z,41.5549,-8.4067,7.95,2.92
2023-05-08T05:00:00.000Z,41.5549,-8.4067,7.4,3.15
2023-05-08T06:00:00.000Z,41.5549,-8.4067,7.85,2.88
2023-05-08T07:00:00.000Z,41.5549,-8.4067,7.6,2.72
2023-05-08T08:00:00.000Z,41.5549,-8.4067,11.48,3.89
2023-05-08T09:00:00.000Z,41.5549,-8.4067,9.53,3.53
2023-05-08T10:00:00.000Z,41.5549,-8.4067,14.9,6.2
2023-05-08T11:00:00.000Z,41.5549,-8.4067,9.85,3.25
2023-05-08T12:00:00.000Z,41.5549,-8.4067,8.5,2.93
2023-05-08T13:00:00.000Z,41.5549,-8.4067,6.15,1.78
2023-05-08T14:00:00.000Z,41.5549,-8.4067,4.93,1.27
2023-05-08T15:00:00.000Z,41.5549,-8.4067,5.07,1.2
2023-05-08T16:00:00.000Z,41.5549,-8.4067,6.95,1.59
2023-05-08T17:00:00.000Z,41.5549,-8.4067,5.68,1.58
2023-05-08T18:00:00.000Z,41.5549,-8.4067,5.63,1.6
2023-05-08T19:00:00.000Z,41.5549,-8.4067,4.95,1.4
2023-05-08T20:00:00.000Z,41.5549,-8.4067,5.45,1.77
2023-05-08T21:00:00.000Z,41.5549,-8.4067,4.95,1.67
2023-05-08T22:00:00.000Z,41.5549,-8.4067,5.35,1.63
2023-05-08T23:00:00.000Z,41.5549,-8.4067,6.75,1.92
2023-05-09T00:00:00.000Z,41.5549,-8.4067,4.54,1.54
2023-05-09T01:00:00.000Z,41.5549,-8.4067,5.55,1.82
2023-05-09T02:00:00.000Z,41.5549,-8.4067,4.08,1.29
2023-05-09T03:00:00.000Z,41.5549,-8.4067,4.43,1.38
2023-05-09T04:00:00.000Z,41.5549,-8.4067,4.47,2.52
2023-05-09T05:00:00.000Z,41.5549,-8.4067,2.72,1.58
2023-05-09T06:00:00.000Z,41.5549,-8.4067,1.3,0.6
2023-05-09T07:00:00.000Z,41.5549,-8.4067,3.58,1.7
2023-05-09T08:00:00.000Z,41.5549,-8.4067,3.49,1.25
2023-05-09T09:00:00.000Z,41.5549,-8.4067,3.78,0.9
2023-05-09T10:00:00.000Z,41.5549,-8.4067,3.67,0.9
2023-05-09T11:00:00.000Z,41.5549,-8.4067,3.65,0.8
2023-05-09T12:00:00.000Z,41.5549,-8.4067,3.2,0.7
2023-05-09T13:00:00.000Z,41.5549,-8.4067,4.82,0.9
2023-05-09T14:00:00.000Z,41.5549,-8.4067,5.32,1.0
2023-05-09T15:00:00.000Z,41.5549,-8.4067,5.7,1.0
2023-05-09T16:00:00.000Z,41.5549,-8.4067,7.45,1.55
2023-05-09T17:00:00.000Z,41.5549,-8.4067,12.07,2.4
2023-05-09T18:00:00.000Z,41.5549,-8.4067,12.75,2.29
2023-05-09T19:00:00.000Z,41.5549,-8.4067,13.8,2.47
2023-05-09T20:00:00.000Z,41.5549,-8.4067,15.9,2.93
2023-05-09T21:00:00.000Z,41.5549,-8.4067,15.73,2.88
2023-05-09T22:00:00.000Z,41.5549,-8.4067,14.6,2.59
2023-05-09T23:00:00.000Z,41.5549,-8.4067,13.32,2.22
2023-05-10T00:00:00.000Z,41.5549,-8.4067,11.07,2.13
2023-05-10T01:00:00.000Z,41.5549,-8.4067,9.53,1.87
2023-05-10T02:00:00.000Z,41.5549,-8.4067,9.41,1.64
2023-05-10T03:00:00.000Z,41.5549,-8.4067,10.35,1.85
2023-05-10T04:00:00.000Z,41.5549,-8.4067,11.18,1.9
2023-05-10T05:00:00.000Z,41.5549,-8.4067,10.75,1.92
2023-05-10T06:00:00.000Z,41.5549,-8.4067,11.88,2.21
2023-05-10T07:00:00.000Z,41.5549,-8.4067,12.98,2.33
2023-05-10T08:00:00.000Z,41.5549,-8.4067,11.9,2.04
2023-05-10T09:00:00.000Z,41.5549,-8.4067,10.13,1.9
2023-05-10T10:00:00.000Z,41.5549,-8.4067,7.29,1.42
2023-05-10T11:00:00.000Z,41.5549,-8.4067,4.65,0.88
2023-05-10T12:00:00.000Z,41.5549,-8.4067,4.9,0.95
2023-05-10T13:00:00.000Z,41.5549,-8.4067,4.8,0.81
2023-05-10T14:00:00.000Z,41.5549,-8.4067,5.82,1.1
2023-05-10T15:00:00.000Z,41.5549,-8.4067,6.65,1.12
2023-05-10T16:00:00.000Z,41.5549,-8.4067,8.63,1.45
2023-05-10T17:00:00.000Z,41.5549,-8.4067,8.88,1.65
2023-05-10T18:00:00.000Z,41.5549,-8.4067,7.65,1.26
2023-05-10T19:00:00.000Z,41.5549,-8.4067,8.52,1.55
2023-05-10T20:00:00.000Z,41.5549,-8.4067,9.52,1.88
2023-05-10T21:00:00.000Z,41.5549,-8.4067,9.73,1.75
2023-05-10T22:00:00.000Z,41.5549,-8.4067,7.6,1.33
2023-05-10T23:00:00.000Z,41.5549,-8.4067,6.73,1.2
2023-05-11T00:00:00.000Z,41.5549,-8.4067,7.55,1.33
2023-05-11T01:00:00.000Z,41.5549,-8.4067,6.92,1.2
2023-05-11T02:00:00.000Z,41.5549,-8.4067,7.47,1.2
2023-05-11T03:00:00.000Z,41.5549,-8.4067,5.85,1.0
2023-05-11T04:00:00.000Z,41.5549,-8.4067,7.63,1.03
2023-05-11T05:00:00.000Z,41.5549,-8.4067,5.8,1.06
2023-05-11T06:00:00.000Z,41.5549,-8.4067,6.67,1.23
2023-05-11T07:00:00.000Z,41.5549,-8.4067,7.68,1.29
2023-05-11T08:00:00.000Z,41.5549,-8.4067,6.72,1.17
2023-05-11T09:00:00.000Z,41.5549,-8.4067,5.4,0.95
2023-05-11T10:00:00.000Z,41.5549,-8.4067,7.14,1.0
2023-05-11T11:00:00.000Z,41.5549,-8.4067,5.55,1.12
2023-05-11T12:00:00.000Z,41.5549,-8.4067,5.01,0.85
2023-05-11T13:00:00.000Z,41.5549,-8.4067,5.2,0.82
2023-05-11T14:00:00.000Z,41.5549,-8.4067,5.98,0.99
2023-05-11T15:00:00.000Z,41.5549,-8.4067,5.53,0.65
2023-05-11T16:00:00.000Z,41.5549,-8.4067,5.8,0.77
2023-05-11T17:00:00.000Z,41.5549,-8.4067,5.8,0.73
2023-05-11T18:00:00.000Z,41.5549,-8.4067,4.43,0.88
2023-05-11T19:00:00.000Z,41.5549,-8.4067,5.72,1.27
2023-05-11T20:00:00.000Z,41.5549,-8.4067,7.03,1.98
2023-05-11T21:00:00.000Z,41.5549,-8.4067,6.79,1.37
2023-05-11T22:00:00.000Z,41.5549,-8.4067,5.13,1.2
2023-05-11T23:00:00.000Z,41.5549,-8.4067,5.9,1.0
2023-05-12T00:00:00.000Z,41.5549,-8.4067,6.15,1.1
2023-05-12T01:00:00.000Z,41.5549,-8.4067,5.72,0.93
2023-05-12T02:00:00.000Z,41.5549,-8.4067,5.62,0.94
2023-05-12T03:00:00.000Z,41.5549,-8.4067,5.65,1.0
2023-05-12T04:00:00.000Z,41.5549,-8.4067,4.74,0.9
2023-05-12T05:00:00.000Z,41.5549,-8.4067,5.05,0.95
2023-05-12T06:00:00.000Z,41.5549,-8.4067,5.7,1.0
2023-05-12T07:00:00.000Z,41.5549,-8.4067,3.56,0.69
2023-05-12T08:00:00.000Z,41.5549,-8.4067,3.3,0.45
2023-05-12T09:00:00.000Z,41.5549,-8.4067,3.5,0.3
2023-05-12T10:00:00.000Z,41.5549,-8.4067,3.2,0.4
2023-05-12T11:00:00.000Z,41.5549,-8.4067,4.22,0.47
2023-05-12T12:00:00.000Z,41.5549,-8.4067,4.47,0.43
